framework,model,kfold,seed,roc_auc,pr_auc,data_csv,features,epochs,hidden,dropout,lr,weight_decay
sklearn,logreg,5,42,0.9511,0.8484,data/sample_tox21.csv,auto,,,,,
sklearn,svm,5,42,0.8989,0.7302,data/sample_tox21.csv,auto,,,,,
sklearn,rf,5,42,0.8317,0.6959,data/sample_tox21.csv,auto,,,,,
sklearn,knn,5,42,0.818,0.606,data/sample_tox21.csv,auto,,,,,
pytorch,mlp,5,42,0.8781,0.6922,data/sample_tox21.csv,auto,50.0,128.0,0.1,0.001,0.0001
pytorch,mlp,5,42,0.8781,0.6922,data/sample_tox21.csv,auto,50.0,128.0,0.1,0.001,0.0001
sklearn,logreg,5,42,0.9511,0.8484,data/sample_tox21.csv,auto,,,,,
sklearn,svm,5,42,0.8989,0.7302,data/sample_tox21.csv,auto,,,,,
sklearn,rf,5,42,0.8317,0.6959,data/sample_tox21.csv,auto,,,,,
sklearn,knn,5,42,0.818,0.606,data/sample_tox21.csv,auto,,,,,
pytorch,mlp,5,42,0.8781,0.6922,data/sample_tox21.csv,auto,50.0,128.0,0.1,0.001,0.0001
sklearn,logreg,5,42,0.9511,0.8484,data/sample_tox21.csv,auto,,,,,
sklearn,svm,5,42,0.8989,0.7302,data/sample_tox21.csv,auto,,,,,
sklearn,rf,5,42,0.8317,0.6959,data/sample_tox21.csv,auto,,,,,
sklearn,knn,5,42,0.818,0.606,data/sample_tox21.csv,auto,,,,,
pytorch,mlp,5,42,0.8781,0.6922,data/sample_tox21.csv,auto,50.0,128.0,0.1,0.001,0.0001
sklearn,logreg,5,42,0.9511,0.8484,data/sample_tox21.csv,auto,,,,,
sklearn,svm,5,42,0.8989,0.7302,data/sample_tox21.csv,auto,,,,,
sklearn,rf,5,42,0.8317,0.6959,data/sample_tox21.csv,auto,,,,,
sklearn,knn,5,42,0.818,0.606,data/sample_tox21.csv,auto,,,,,
pytorch,mlp,5,42,0.8781,0.6922,data/sample_tox21.csv,auto,50.0,128.0,0.1,0.001,0.0001
